epoch,train_loss,test_loss,train_accuracy,test_accuracy
0,2.304,2.302,0.0998,0.1
1,2.3015,2.3051,0.1028,0.1
2,2.3026,2.303,0.1038,0.1
3,2.3018,2.3029,0.0984,0.094
4,2.3014,2.3038,0.0982,0.094
5,2.3015,2.3034,0.1018,0.1
6,2.3012,2.3034,0.0988,0.1
7,2.3015,2.3027,0.1062,0.094
8,2.3026,2.3029,0.1056,0.101
9,2.3013,2.3019,0.1044,0.094
10,2.3019,2.3031,0.1052,0.1
11,2.3003,2.3032,0.1082,0.094
12,2.3008,2.3029,0.102,0.094
13,2.3014,2.3031,0.1062,0.094
14,2.3023,2.3028,0.1034,0.1
15,2.3012,2.3015,0.1002,0.1
16,2.301,2.3029,0.1012,0.094
17,2.3003,2.3032,0.1062,0.094
18,2.3006,2.3029,0.102,0.1
19,2.3016,2.3036,0.1068,0.1
20,2.3011,2.302,0.1068,0.1
21,2.3003,2.3021,0.1038,0.094
22,2.3005,2.3037,0.1062,0.094
23,2.3008,2.3029,0.1042,0.1
24,2.3005,2.3033,0.1058,0.094
25,2.3008,2.3028,0.1056,0.1
26,2.3,2.3027,0.1068,0.1
27,2.3018,2.3028,0.1068,0.1
28,2.301,2.302,0.1068,0.1
29,2.3012,2.3037,0.1064,0.094
30,2.3005,2.3002,0.1076,0.109
31,2.3013,2.3029,0.1022,0.092
32,2.3013,2.303,0.1076,0.096
33,2.3004,2.3021,0.1082,0.12
34,2.2965,2.292,0.1214,0.129
35,2.2805,2.2807,0.134,0.138
36,2.2658,2.2705,0.1526,0.151
37,2.2548,2.2609,0.1578,0.169
38,2.2382,2.2453,0.1846,0.193
39,2.2229,2.2373,0.2046,0.185
40,2.2052,2.2116,0.2306,0.227
41,2.1847,2.1903,0.243,0.278
42,2.1545,2.1753,0.293,0.281
43,2.1338,2.1442,0.3076,0.314
44,2.1056,2.1272,0.3154,0.319
45,2.0807,2.0854,0.3524,0.341
46,2.0583,2.0835,0.3706,0.353
47,2.0307,2.0464,0.3796,0.387
48,2.0088,2.0357,0.4104,0.384
49,1.9856,2.0002,0.4208,0.423
50,1.9695,1.9804,0.4292,0.441
51,1.9446,1.9634,0.451,0.439
52,1.9263,1.9429,0.4592,0.458
53,1.911,1.9326,0.4526,0.449
54,1.886,1.9279,0.4826,0.446
55,1.8697,1.909,0.4864,0.455
56,1.855,1.8963,0.4854,0.466
57,1.8331,1.9109,0.4888,0.448
58,1.8141,1.8734,0.496,0.477
59,1.8287,1.863,0.503,0.475
60,1.7981,1.8513,0.5026,0.465
61,1.7867,1.8281,0.5098,0.471
62,1.7873,1.8456,0.501,0.479
63,1.7602,1.8093,0.518,0.512
64,1.7555,1.8069,0.5144,0.476
65,1.7483,1.8329,0.5176,0.457
66,1.7301,1.8094,0.5226,0.478
67,1.7117,1.7994,0.5312,0.487
68,1.7079,1.8048,0.533,0.477
69,1.693,1.8049,0.5354,0.45
70,1.6996,1.7729,0.533,0.508
71,1.6727,1.7577,0.5342,0.49
72,1.6607,1.7808,0.5386,0.474
73,1.645,1.7557,0.548,0.498
74,1.6354,1.744,0.541,0.491
75,1.625,1.7596,0.5456,0.503
76,1.6136,1.73,0.5542,0.51
77,1.6111,1.7478,0.5546,0.494
78,1.6084,1.7296,0.5512,0.483
79,1.5958,1.7099,0.5554,0.502
80,1.5863,1.7159,0.557,0.501
81,1.579,1.6971,0.556,0.498
82,1.5441,1.7024,0.57,0.507
83,1.5386,1.6796,0.5626,0.508
84,1.5181,1.6956,0.5712,0.495
85,1.5166,1.6934,0.5756,0.507
86,1.5094,1.6687,0.5804,0.533
87,1.5173,1.6808,0.5768,0.509
88,1.4813,1.6768,0.5842,0.508
89,1.4878,1.6549,0.5848,0.502
90,1.4617,1.6375,0.5964,0.504
91,1.4548,1.6357,0.5944,0.531
92,1.4604,1.6316,0.587,0.516
93,1.4433,1.6424,0.599,0.511
94,1.4272,1.6621,0.609,0.52
95,1.4132,1.6656,0.6002,0.497
96,1.421,1.5953,0.603,0.528
97,1.3926,1.6319,0.615,0.505
98,1.3788,1.6252,0.6106,0.524
99,1.3692,1.6337,0.614,0.508
100,1.3654,1.6167,0.6208,0.512
101,1.3696,1.6209,0.6216,0.52
102,1.342,1.6475,0.6348,0.521
103,1.3312,1.6078,0.633,0.532
104,1.3392,1.6063,0.6272,0.527
105,1.3201,1.6177,0.6242,0.516
106,1.3256,1.6428,0.6366,0.507
107,1.294,1.6095,0.6372,0.512
108,1.2846,1.5779,0.6412,0.525
109,1.2803,1.5924,0.639,0.531
110,1.2818,1.5984,0.6458,0.508
111,1.2652,1.6172,0.6624,0.511
112,1.2585,1.5651,0.6584,0.537
113,1.2375,1.6073,0.6518,0.517
114,1.2379,1.5704,0.6608,0.515
115,1.2222,1.575,0.6674,0.528
116,1.2206,1.5975,0.6626,0.515
117,1.2145,1.5684,0.6544,0.52
118,1.1818,1.5942,0.6644,0.522
119,1.1802,1.5729,0.6686,0.51
120,1.1923,1.5772,0.6764,0.516
121,1.1647,1.5617,0.6768,0.525
122,1.1557,1.5874,0.6828,0.52
123,1.1712,1.5831,0.6856,0.512
124,1.1475,1.5895,0.6886,0.518
125,1.1398,1.5872,0.6872,0.53
126,1.1555,1.5856,0.6836,0.52
127,1.1354,1.5568,0.6864,0.516
128,1.1348,1.57,0.689,0.529
129,1.1056,1.5588,0.7002,0.517
130,1.1054,1.5998,0.7014,0.524
131,1.0971,1.5617,0.6968,0.518
132,1.0755,1.6303,0.7098,0.504
133,1.0916,1.5777,0.7038,0.52
134,1.0883,1.6009,0.6982,0.526
135,1.0638,1.6496,0.7136,0.496
136,1.0521,1.5757,0.7132,0.524
137,1.0432,1.5528,0.7046,0.522
138,1.0546,1.5746,0.7132,0.522
139,1.0384,1.5823,0.7124,0.525
140,1.034,1.5849,0.715,0.517
141,1.0243,1.561,0.7246,0.517
142,1.035,1.5665,0.7188,0.531
143,1.004,1.6225,0.7292,0.516
144,1.0106,1.6265,0.7246,0.506
145,0.9896,1.6094,0.7252,0.522
146,0.9897,1.5434,0.73,0.527
147,0.9699,1.5876,0.733,0.512
148,0.9837,1.5868,0.7296,0.529
149,0.977,1.5626,0.7336,0.508
150,0.9668,1.5822,0.7376,0.532
151,0.9366,1.5662,0.747,0.53
152,0.9549,1.5881,0.74,0.517
153,0.9285,1.5683,0.7488,0.538
154,0.9299,1.5641,0.7516,0.528
155,0.919,1.5829,0.7458,0.503
156,0.9221,1.5488,0.756,0.521
157,0.9185,1.5996,0.755,0.512
158,0.926,1.6258,0.7524,0.529
159,0.9042,1.5749,0.7544,0.52
160,0.9292,1.6238,0.7584,0.51
161,0.88,1.5883,0.7546,0.525
162,0.8823,1.543,0.7574,0.53
163,0.8806,1.6109,0.7646,0.515
164,0.8885,1.5658,0.758,0.511
165,0.8748,1.6454,0.7642,0.502
166,0.8495,1.5908,0.7716,0.522
167,0.8776,1.5774,0.7714,0.514
168,0.8531,1.5916,0.7698,0.52
169,0.8379,1.5481,0.7742,0.533
170,0.8317,1.6137,0.7776,0.533
171,0.8225,1.6591,0.7846,0.505
172,0.8151,1.7107,0.7772,0.488
173,0.8244,1.6309,0.773,0.516
174,0.8129,1.6525,0.7814,0.505
175,0.7987,1.6292,0.7858,0.515
176,0.8113,1.5884,0.7802,0.52
177,0.7834,1.6501,0.8,0.515
178,0.7829,1.6514,0.797,0.501
179,0.7799,1.6665,0.7918,0.498
180,0.7771,1.5874,0.7942,0.525
181,0.7825,1.6431,0.7922,0.497
182,0.7785,1.5842,0.7968,0.521
183,0.75,1.6197,0.7964,0.513
184,0.7364,1.5969,0.8034,0.516
185,0.7704,1.597,0.803,0.525
186,0.7279,1.6005,0.81,0.502
187,0.7509,1.6598,0.8022,0.503
188,0.7281,1.6674,0.8084,0.488
189,0.7351,1.6439,0.8096,0.513
190,0.7298,1.646,0.807,0.516
191,0.7207,1.7055,0.809,0.506
192,0.7246,1.6225,0.809,0.508
193,0.7086,1.6281,0.807,0.5
194,0.6929,1.6271,0.819,0.517
195,0.6781,1.5865,0.821,0.507
196,0.7075,1.6223,0.8118,0.493
197,0.6966,1.572,0.8142,0.524
198,0.6721,1.6097,0.8206,0.521
199,0.6879,1.6096,0.8196,0.524
200,0.683,1.6373,0.8268,0.501
201,0.6657,1.6416,0.8256,0.514
202,0.6902,1.6467,0.8174,0.494
203,0.656,1.6274,0.8282,0.5
204,0.6574,1.6788,0.834,0.498
205,0.6672,1.6303,0.8256,0.491
206,0.6346,1.6836,0.8332,0.49
207,0.6632,1.62,0.8284,0.507
208,0.6324,1.5384,0.8384,0.523
209,0.6272,1.5791,0.841,0.523
210,0.628,1.6508,0.8374,0.512
211,0.6196,1.5595,0.837,0.528
212,0.6265,1.5788,0.8348,0.497
213,0.6087,1.6513,0.8422,0.515
214,0.5938,1.6423,0.8442,0.496
215,0.6182,1.6976,0.8416,0.49
216,0.6072,1.6695,0.8354,0.497
217,0.5982,1.7494,0.8462,0.5
218,0.5923,1.6302,0.8526,0.507
219,0.5858,1.6033,0.839,0.536
220,0.5922,1.6193,0.8476,0.529
221,0.5758,1.6416,0.8504,0.51
222,0.6003,1.6677,0.8452,0.484
223,0.5783,1.7338,0.8574,0.494
224,0.5687,1.5551,0.8528,0.534
225,0.5725,1.5512,0.8546,0.509
226,0.585,1.6341,0.8562,0.516
227,0.5736,1.6288,0.8478,0.513
228,0.5661,1.6053,0.854,0.53
229,0.5648,1.7155,0.8488,0.498
230,0.5544,1.6434,0.8602,0.498
231,0.541,1.6276,0.8662,0.527
232,0.5658,1.6283,0.8586,0.512
233,0.5479,1.6597,0.8606,0.504
234,0.5345,1.605,0.8586,0.516
235,0.5296,1.7193,0.862,0.512
236,0.5319,1.5886,0.862,0.522
237,0.5239,1.6975,0.8604,0.515
238,0.51,1.7868,0.866,0.479
239,0.5266,1.7413,0.8664,0.499
240,0.5242,1.6615,0.8608,0.498
241,0.4988,1.7235,0.872,0.496
242,0.5193,1.6647,0.8706,0.504
243,0.528,1.6468,0.8612,0.517
244,0.5068,1.7215,0.8728,0.507
245,0.5088,1.7719,0.8694,0.512
246,0.4963,1.692,0.8728,0.517
247,0.4988,1.6933,0.873,0.502
248,0.4982,1.7269,0.8688,0.49
249,0.5085,1.6505,0.868,0.519
250,0.4967,1.7832,0.8706,0.497
251,0.4945,1.6922,0.8748,0.501
252,0.4779,1.7508,0.88,0.509
253,0.481,1.6316,0.8754,0.52
254,0.4719,1.5981,0.8742,0.513
255,0.4723,1.711,0.8788,0.504
256,0.4776,1.6505,0.8776,0.496
257,0.4816,1.6888,0.8766,0.513
258,0.4751,1.7093,0.8788,0.507
259,0.4669,1.6051,0.8748,0.511
260,0.4572,1.5649,0.8872,0.525
261,0.4504,1.6343,0.888,0.515
262,0.4549,1.7461,0.8836,0.501
263,0.4523,1.7665,0.885,0.506
264,0.4353,1.7113,0.8936,0.5
265,0.45,1.7014,0.8848,0.488
266,0.4564,1.6312,0.8856,0.496
267,0.4221,1.6873,0.8942,0.518
268,0.4456,1.6758,0.8904,0.528
269,0.4275,1.809,0.8914,0.489
270,0.4126,1.671,0.8928,0.52
271,0.4253,1.7524,0.8906,0.51
272,0.4437,1.6721,0.895,0.5
273,0.4308,1.6478,0.8896,0.513
274,0.4301,1.707,0.8934,0.52
275,0.4122,1.6225,0.895,0.536
276,0.4171,1.774,0.89,0.51
277,0.4038,1.6635,0.8994,0.513
278,0.4049,1.7188,0.896,0.503
279,0.4025,1.6916,0.9008,0.517
280,0.4113,1.8198,0.8978,0.491
281,0.3964,1.7866,0.9008,0.515
282,0.402,1.7343,0.9018,0.517
283,0.4007,1.6483,0.8966,0.51
284,0.4062,1.7208,0.8992,0.507
285,0.4177,1.7029,0.8934,0.508
286,0.3996,1.6656,0.897,0.524
287,0.4012,1.709,0.894,0.504
288,0.395,1.7005,0.899,0.498
289,0.4004,1.652,0.896,0.525
290,0.4003,1.6676,0.9,0.51
291,0.3821,1.7055,0.9062,0.51
292,0.3727,1.8039,0.9036,0.518
293,0.3929,1.7991,0.8958,0.518
294,0.3993,1.779,0.8936,0.487
295,0.3895,1.6506,0.8998,0.525
296,0.3764,1.7126,0.906,0.498
297,0.3702,1.7564,0.9094,0.517
298,0.3762,1.8343,0.9022,0.5
299,0.3713,1.7851,0.9102,0.493
300,0.385,1.6542,0.9064,0.516
301,0.3666,1.6834,0.9046,0.529
302,0.3573,1.7094,0.9076,0.517
303,0.3622,1.5769,0.911,0.541
304,0.3536,1.7478,0.9132,0.514
305,0.3652,1.8083,0.9078,0.513
306,0.3576,1.7101,0.9082,0.514
307,0.3553,1.6791,0.9092,0.522
308,0.3527,1.7347,0.9094,0.525
309,0.3601,1.7079,0.9112,0.51
310,0.3597,1.8185,0.912,0.502
311,0.3294,1.6922,0.914,0.507
312,0.3534,1.8394,0.908,0.491
313,0.342,1.7241,0.915,0.496
314,0.346,1.7577,0.9106,0.508
315,0.3477,1.8545,0.9146,0.491
316,0.3289,1.7684,0.9214,0.504
317,0.3345,1.78,0.917,0.522
318,0.3283,1.9226,0.9152,0.492
319,0.3455,1.7438,0.9078,0.533
320,0.3267,1.7927,0.916,0.52
321,0.3284,1.7005,0.921,0.523
322,0.3272,1.8561,0.918,0.492
323,0.3336,1.6876,0.9164,0.519
324,0.3137,1.916,0.922,0.507
325,0.3092,1.7077,0.9198,0.523
326,0.3372,1.6963,0.9186,0.519
327,0.3197,1.7025,0.9236,0.536
328,0.3243,1.8103,0.9186,0.47
329,0.3052,1.7515,0.9238,0.509
330,0.3303,1.8111,0.9154,0.508
331,0.319,2.0015,0.915,0.479
332,0.3097,1.8744,0.9216,0.498
333,0.3179,1.8161,0.9188,0.495
334,0.3217,1.8503,0.9202,0.499
335,0.3397,1.7183,0.9176,0.527
336,0.3202,1.7442,0.9176,0.515
337,0.3377,1.9111,0.9154,0.499
338,0.3068,1.7774,0.9262,0.516
339,0.31,1.791,0.9208,0.506
340,0.3228,1.8372,0.9154,0.482
341,0.2923,1.8364,0.9268,0.509
342,0.3054,1.7266,0.9238,0.504
343,0.3043,1.8283,0.9232,0.498
344,0.2939,1.7874,0.9262,0.516
345,0.3074,1.7856,0.9236,0.505
346,0.2952,1.8174,0.9266,0.503
347,0.3009,1.9112,0.9274,0.491
348,0.3175,1.8564,0.9194,0.487
349,0.2935,1.8773,0.9268,0.5
350,0.3147,1.8212,0.9146,0.495
351,0.2945,2.0518,0.927,0.486
352,0.2829,1.9409,0.9272,0.497
353,0.2787,1.902,0.9332,0.48
354,0.2833,1.8658,0.9286,0.492
355,0.2765,1.9656,0.9282,0.497
356,0.2871,1.8303,0.929,0.495
357,0.2976,1.9839,0.9296,0.477
358,0.2778,1.9948,0.93,0.492
359,0.2869,1.8384,0.9328,0.495
360,0.2919,1.9017,0.9242,0.487
361,0.2888,1.9948,0.9278,0.503
362,0.2748,1.8417,0.9352,0.51
363,0.2913,1.9306,0.9298,0.488
364,0.2728,1.8715,0.9322,0.489
365,0.2613,1.9242,0.9376,0.468
366,0.2727,2.0688,0.928,0.473
367,0.2659,1.8443,0.9368,0.49
368,0.2719,2.1256,0.9336,0.503
369,0.2763,2.0405,0.9314,0.476
370,0.2757,2.032,0.9286,0.492
371,0.2719,1.9165,0.9304,0.476
372,0.2715,1.9244,0.928,0.503
373,0.2652,1.9042,0.9356,0.479
374,0.2618,1.9428,0.9318,0.483
375,0.2706,1.8923,0.9274,0.514
376,0.2516,1.8382,0.9364,0.524
377,0.2522,2.0058,0.9348,0.498
378,0.2687,1.9263,0.9288,0.492
379,0.2673,1.805,0.934,0.522
380,0.2558,2.0477,0.9306,0.487
381,0.2643,1.9145,0.9338,0.504
382,0.2569,2.0189,0.9342,0.497
383,0.2404,1.903,0.9396,0.486
384,0.255,2.0223,0.9338,0.477
385,0.2576,2.012,0.9364,0.489
386,0.2645,2.1426,0.9326,0.479
387,0.2785,2.0329,0.9278,0.508
388,0.2553,2.1159,0.9348,0.503
389,0.2542,2.0071,0.9366,0.51
390,0.2442,2.0872,0.939,0.473
391,0.2555,1.911,0.9308,0.507
392,0.253,1.9526,0.932,0.501
393,0.2514,2.1247,0.9406,0.472
394,0.2495,2.0325,0.9342,0.503
395,0.2512,2.0538,0.9384,0.498
396,0.2526,1.9894,0.9362,0.503
397,0.244,1.9649,0.9396,0.518
398,0.2492,1.9429,0.9368,0.491
399,0.2554,2.0836,0.9392,0.495
400,0.2313,2.0266,0.9424,0.512
401,0.2335,2.0733,0.9408,0.511
402,0.2379,1.8209,0.941,0.51
403,0.2455,2.0958,0.9354,0.5
404,0.255,2.0641,0.9362,0.502
405,0.2424,2.036,0.9346,0.506
406,0.2437,2.0669,0.9358,0.497
407,0.2515,2.0751,0.932,0.472
408,0.2413,2.068,0.9354,0.478
409,0.2731,2.1013,0.9346,0.485
410,0.2498,1.9931,0.9418,0.508
411,0.2287,1.9928,0.9462,0.508
412,0.2358,1.8558,0.9368,0.516
413,0.2475,2.0344,0.9416,0.482
414,0.2313,2.1798,0.9402,0.509
415,0.2262,2.1073,0.94,0.495
416,0.2225,2.1898,0.942,0.493
417,0.2421,2.0101,0.9384,0.492
418,0.221,2.1318,0.9434,0.509
419,0.2299,2.1571,0.9384,0.488
420,0.2176,2.1328,0.9452,0.483
421,0.2271,2.284,0.9414,0.492
422,0.2124,2.1919,0.95,0.506
423,0.2146,1.991,0.9468,0.513
424,0.22,2.0893,0.9412,0.502
425,0.2071,2.177,0.9496,0.496
426,0.2101,2.2209,0.9488,0.498
427,0.2139,2.1182,0.9418,0.477
428,0.2278,2.051,0.9424,0.504
429,0.221,2.0106,0.9418,0.498
430,0.22,2.2903,0.949,0.498
431,0.2139,1.9937,0.9488,0.494
432,0.2077,2.157,0.9506,0.488
433,0.2005,2.1037,0.9486,0.509
434,0.2089,1.9707,0.9474,0.5
435,0.214,2.1504,0.9462,0.504
436,0.2392,2.1481,0.9428,0.484
437,0.2329,2.2607,0.9402,0.481
438,0.2275,2.046,0.9436,0.477
439,0.2193,2.1055,0.9458,0.489
440,0.205,2.2181,0.9476,0.477
441,0.2214,2.0337,0.9454,0.489
442,0.2067,2.3413,0.946,0.468
443,0.2242,2.151,0.9378,0.496
444,0.2025,2.0608,0.9498,0.484
445,0.2009,2.1232,0.9524,0.497
446,0.2157,2.2469,0.9472,0.501
447,0.1987,2.1754,0.9514,0.463
448,0.2065,2.3585,0.9418,0.473
449,0.2113,2.1762,0.944,0.481
450,0.1992,2.3642,0.949,0.469
451,0.1976,2.1774,0.9514,0.485
452,0.2049,2.3767,0.9474,0.515
453,0.2002,2.2536,0.9448,0.503
454,0.2198,2.3579,0.944,0.479
455,0.196,2.3347,0.9496,0.5
456,0.2122,1.9471,0.946,0.502
457,0.2065,2.0467,0.9452,0.521
458,0.2007,2.1784,0.947,0.493
459,0.1867,2.3502,0.9562,0.478
460,0.1936,2.2814,0.9482,0.503
461,0.1954,2.1511,0.9482,0.497
462,0.2118,2.3779,0.9454,0.5
463,0.1828,2.1268,0.9516,0.498
464,0.2031,2.2167,0.9456,0.499
465,0.1915,2.1961,0.9506,0.48
466,0.1851,2.0797,0.9492,0.475
467,0.1868,2.22,0.9506,0.489
468,0.2036,2.2238,0.9476,0.48
469,0.2059,1.8455,0.9454,0.514
470,0.2036,2.1614,0.9506,0.479
471,0.1762,2.2797,0.9548,0.477
472,0.1849,2.3178,0.9506,0.481
473,0.2009,2.1059,0.9498,0.486
474,0.1783,2.2542,0.9524,0.495
475,0.1906,2.1232,0.9486,0.489
476,0.1995,1.94,0.9454,0.535
477,0.1999,1.845,0.9498,0.512
478,0.1857,2.1067,0.954,0.484
479,0.1837,2.2539,0.953,0.475
480,0.1942,2.1657,0.946,0.477
481,0.1947,2.3286,0.95,0.49
482,0.2032,2.2214,0.9464,0.47
483,0.1896,2.1585,0.9494,0.505
484,0.2014,2.1171,0.945,0.511
485,0.2043,2.5605,0.9414,0.474
486,0.1871,2.2804,0.948,0.491
487,0.1858,2.4926,0.9474,0.465
488,0.188,2.0576,0.9524,0.483
489,0.1946,2.2649,0.9534,0.51
490,0.173,2.1153,0.957,0.495
491,0.1885,2.081,0.954,0.493
492,0.1854,2.1352,0.9516,0.497
493,0.1848,2.4109,0.9538,0.493
494,0.1781,2.2918,0.9534,0.505
495,0.188,2.3547,0.9478,0.496
496,0.1772,2.3341,0.9566,0.487
497,0.1757,2.273,0.9516,0.502
498,0.1839,2.312,0.9514,0.475
499,0.1752,2.3491,0.956,0.495
500,0.1737,2.451,0.9538,0.464
501,0.1732,2.4627,0.9568,0.476
502,0.1762,2.3625,0.9532,0.5
503,0.1621,2.1208,0.9592,0.489
504,0.1619,2.4031,0.96,0.478
505,0.1596,2.3944,0.9582,0.499
506,0.1816,2.5972,0.9532,0.467
507,0.1811,2.5769,0.9578,0.47
508,0.1715,2.3394,0.9564,0.489
509,0.1608,2.2922,0.9614,0.481
510,0.1724,2.1468,0.9602,0.495
511,0.176,2.6334,0.95,0.478
512,0.1745,2.2179,0.9548,0.494
513,0.1765,2.6478,0.9532,0.461
514,0.1703,2.0662,0.9586,0.531
515,0.1715,2.6274,0.9548,0.454
516,0.1607,2.5029,0.9586,0.494
517,0.182,2.4736,0.9494,0.485
518,0.1683,2.3333,0.956,0.477
519,0.176,2.3521,0.955,0.489
520,0.1691,2.2443,0.9544,0.48
521,0.1687,2.4402,0.9588,0.486
522,0.1594,2.396,0.96,0.476
523,0.1491,2.5097,0.9618,0.46
524,0.1693,2.2143,0.9594,0.474
525,0.1719,2.3324,0.956,0.47
526,0.1634,2.4174,0.9574,0.482
527,0.1691,2.3714,0.9524,0.459
528,0.1595,2.6086,0.964,0.48
529,0.1732,2.5835,0.9594,0.468
530,0.155,2.3958,0.9618,0.48
531,0.1605,2.6509,0.961,0.483
532,0.1645,2.2365,0.9572,0.482
533,0.1647,2.185,0.9576,0.503
534,0.1779,2.2797,0.9514,0.493
535,0.1703,2.1834,0.9568,0.485
536,0.1865,2.4703,0.953,0.485
537,0.1651,2.3859,0.9554,0.487
538,0.1731,2.3083,0.9566,0.48
539,0.1584,2.2124,0.9584,0.505
540,0.1536,2.4396,0.96,0.491
541,0.1477,2.4099,0.962,0.483
542,0.1644,2.2763,0.9538,0.477
543,0.1737,2.2896,0.9538,0.472
544,0.1705,2.415,0.9582,0.5
545,0.1522,2.4151,0.959,0.5
546,0.1677,2.3187,0.9556,0.48
547,0.1501,2.7959,0.9632,0.473
548,0.1636,2.2978,0.9584,0.475
549,0.1668,2.5533,0.9594,0.447
550,0.1645,2.5625,0.9592,0.459
551,0.1572,2.8011,0.959,0.467
552,0.1488,2.4471,0.9602,0.471
553,0.1549,2.3561,0.9566,0.471
554,0.1568,2.6034,0.9586,0.479
555,0.1492,2.6916,0.9618,0.464
556,0.1564,2.5238,0.9592,0.473
557,0.165,2.5243,0.9558,0.483
558,0.1643,2.3263,0.9598,0.495
559,0.1639,2.3508,0.9566,0.479
560,0.1417,2.5421,0.965,0.479
561,0.1418,2.3095,0.9638,0.501
562,0.1448,2.3619,0.9618,0.48
563,0.148,2.533,0.9616,0.482
564,0.1644,2.3309,0.9546,0.488
565,0.1583,2.3494,0.959,0.49
566,0.1567,2.2491,0.9558,0.494
567,0.1478,2.5336,0.9588,0.472
568,0.1481,2.5077,0.9634,0.484
569,0.1432,2.5355,0.9652,0.477
570,0.1672,2.6338,0.9536,0.459
571,0.1525,2.5807,0.958,0.458
572,0.1592,2.2921,0.9582,0.49
573,0.1641,2.1391,0.9626,0.469
574,0.1485,2.4151,0.9604,0.484
575,0.1493,2.1917,0.9632,0.5
576,0.1516,2.5865,0.9608,0.472
577,0.1419,2.3906,0.9638,0.482
578,0.1577,2.3087,0.9588,0.466
579,0.1516,2.2284,0.9578,0.499
580,0.1369,2.4649,0.9694,0.482
581,0.1459,2.5541,0.9602,0.47
582,0.134,2.6039,0.9654,0.478
583,0.1413,2.7585,0.9642,0.487
584,0.1392,2.4805,0.9626,0.463
585,0.1362,2.5195,0.963,0.467
586,0.1442,2.6392,0.96,0.473
587,0.1475,2.6501,0.9596,0.463
588,0.1655,2.554,0.9596,0.48
589,0.1428,2.5132,0.9632,0.506
590,0.1397,2.4738,0.9652,0.464
591,0.137,2.32,0.9664,0.493
592,0.1297,2.5273,0.9656,0.486
593,0.136,2.5173,0.9648,0.49
594,0.1355,2.5371,0.9666,0.497
595,0.1312,2.5984,0.967,0.486
596,0.1364,2.4633,0.9654,0.475
597,0.1301,2.3591,0.968,0.485
598,0.1444,2.3738,0.9636,0.485
599,0.1434,2.7509,0.9638,0.475
600,0.1376,2.3682,0.9656,0.478
601,0.1335,2.4631,0.9656,0.479
602,0.1313,2.5674,0.9678,0.476
603,0.1371,2.4412,0.9646,0.49
604,0.1207,2.5171,0.9702,0.48
605,0.1335,2.5986,0.9646,0.49
606,0.1393,2.4026,0.964,0.486
607,0.1386,2.649,0.9618,0.486
608,0.1414,2.6859,0.9608,0.476
609,0.1419,2.2878,0.9648,0.482
610,0.1467,2.9984,0.9638,0.43
611,0.1475,2.5867,0.9606,0.481
612,0.1357,2.3466,0.9662,0.463
613,0.1451,2.4293,0.9598,0.491
614,0.1387,2.4864,0.9584,0.479
615,0.1511,2.4002,0.9606,0.499
616,0.1411,2.6127,0.9616,0.498
617,0.1359,2.4736,0.9642,0.48
618,0.122,2.4791,0.9696,0.49
619,0.1399,2.3898,0.9654,0.489
620,0.1255,2.6512,0.9686,0.495
621,0.1491,2.3458,0.9628,0.472
622,0.1328,2.8369,0.9668,0.478
623,0.1307,2.4865,0.9694,0.496
624,0.1387,2.4853,0.961,0.491
625,0.153,3.0019,0.959,0.453
626,0.1353,2.6352,0.9676,0.47
627,0.1184,2.8051,0.9706,0.456
628,0.1367,2.5238,0.9628,0.474
629,0.1458,2.5974,0.9592,0.448
630,0.1307,2.7934,0.9646,0.466
631,0.1312,2.5838,0.9684,0.483
632,0.1414,2.4231,0.9592,0.49
633,0.1362,2.7422,0.9636,0.449
634,0.1316,2.5124,0.9676,0.477
635,0.1467,2.5661,0.9626,0.494
636,0.1294,2.6982,0.9642,0.472
637,0.1385,2.4595,0.9642,0.504
638,0.1382,2.7013,0.9686,0.474
639,0.1338,2.6356,0.9674,0.464
640,0.1372,2.5126,0.96,0.462
641,0.1348,2.5488,0.9652,0.475
642,0.1373,2.7421,0.9622,0.489
643,0.1229,2.5211,0.9672,0.471
644,0.1382,2.9209,0.9646,0.455
645,0.1252,2.854,0.9686,0.456
646,0.1501,2.7579,0.9634,0.485
647,0.143,2.8937,0.9622,0.461
648,0.1422,2.6723,0.9626,0.459
649,0.1289,2.8245,0.9684,0.459
650,0.1167,2.8683,0.9694,0.469
651,0.1282,2.6411,0.9666,0.482
652,0.121,2.6088,0.9706,0.498
653,0.1232,2.6416,0.9694,0.468
654,0.1188,2.7451,0.9698,0.471
655,0.121,2.7109,0.9684,0.468
656,0.1288,2.5465,0.971,0.478
657,0.1246,2.7381,0.9656,0.478
658,0.1383,2.7155,0.9664,0.499
659,0.1194,2.4455,0.9712,0.474
660,0.1269,2.6789,0.9658,0.469
661,0.1407,2.2136,0.9618,0.504
662,0.1099,2.538,0.9714,0.471
663,0.1127,2.689,0.9722,0.491
664,0.1291,2.5765,0.9662,0.468
665,0.1334,2.5196,0.9646,0.475
666,0.1188,2.8499,0.9672,0.468
667,0.123,2.3638,0.971,0.495
668,0.1273,2.5582,0.9662,0.465
669,0.1237,2.7782,0.968,0.48
670,0.1306,2.8274,0.9654,0.482
671,0.1404,2.6987,0.9634,0.461
672,0.1371,3.4835,0.9648,0.46
673,0.1337,2.576,0.9644,0.481
674,0.1286,2.7361,0.9694,0.479
675,0.1251,2.3088,0.9668,0.502
676,0.1268,2.5329,0.9652,0.475
677,0.1228,2.615,0.968,0.46
678,0.1278,3.0299,0.9668,0.459
679,0.1297,2.4919,0.9658,0.464
680,0.1242,2.4925,0.9664,0.502
681,0.1208,2.9128,0.9668,0.49
682,0.1167,2.8693,0.971,0.488
683,0.1132,2.5636,0.9716,0.469
684,0.1153,2.767,0.972,0.474
685,0.1125,2.5077,0.9696,0.477
686,0.119,2.5336,0.9652,0.484
687,0.1273,2.4938,0.9662,0.475
688,0.1211,2.663,0.9654,0.463
689,0.12,2.3756,0.9698,0.486
690,0.124,2.5758,0.9662,0.485
691,0.1198,2.9127,0.969,0.476
692,0.1182,2.5414,0.9676,0.475
693,0.1291,2.6126,0.9658,0.497
694,0.1146,2.6766,0.9702,0.465
695,0.1111,2.9487,0.9702,0.473
696,0.1296,2.7128,0.966,0.481
697,0.1266,2.7989,0.965,0.478
698,0.1098,2.6706,0.9698,0.472
699,0.1115,2.9131,0.9716,0.48
700,0.1085,2.7735,0.9702,0.457
701,0.1203,2.4145,0.9692,0.484
702,0.1135,2.4371,0.9698,0.495
703,0.1139,2.4546,0.969,0.505
704,0.1237,2.8247,0.9692,0.467
705,0.1076,2.8781,0.9716,0.471
706,0.1166,2.7283,0.9708,0.48
707,0.1081,2.6581,0.9714,0.456
708,0.1075,2.7639,0.9732,0.473
709,0.1183,3.0252,0.969,0.483
710,0.104,2.5821,0.9732,0.506
711,0.1192,2.6211,0.9712,0.48
712,0.1131,2.6493,0.9742,0.481
713,0.1001,2.8068,0.9734,0.474
714,0.1309,3.0266,0.9704,0.464
715,0.1221,3.2387,0.9668,0.467
716,0.1164,2.4874,0.971,0.485
717,0.1151,2.7385,0.9664,0.489
718,0.1151,2.8967,0.9694,0.494
719,0.1191,2.838,0.9692,0.466
720,0.1237,2.7525,0.9648,0.462
721,0.1053,2.8599,0.9734,0.46
722,0.1032,2.9547,0.9736,0.476
723,0.1206,2.6626,0.9654,0.463
724,0.1183,2.7377,0.9684,0.457
725,0.1156,3.0295,0.9714,0.44
726,0.1115,2.8643,0.9716,0.481
727,0.1123,2.8773,0.97,0.468
728,0.1109,2.7586,0.9696,0.487
729,0.106,2.8046,0.9722,0.453
730,0.1064,2.964,0.9722,0.473
731,0.1245,2.5551,0.9662,0.486
732,0.1124,3.1,0.9702,0.43
733,0.1103,2.825,0.9712,0.494
734,0.1194,2.5372,0.9682,0.457
735,0.1281,2.6443,0.9632,0.476
736,0.1007,2.7349,0.9726,0.481
737,0.112,2.8494,0.9698,0.478
738,0.1228,2.5457,0.9658,0.483
739,0.108,2.4411,0.9728,0.498
740,0.1059,2.9327,0.9726,0.451
741,0.1077,2.3084,0.9728,0.5
742,0.1072,2.5135,0.9698,0.482
743,0.0921,2.828,0.9764,0.473
744,0.1023,2.8161,0.971,0.48
745,0.1079,2.9522,0.9722,0.484
746,0.1117,2.3671,0.9702,0.472
747,0.1207,2.9458,0.9704,0.488
748,0.1074,2.5171,0.9724,0.486
749,0.1197,2.73,0.9682,0.502
750,0.1002,3.0121,0.975,0.459
751,0.1042,2.8571,0.9724,0.48
752,0.0978,2.8152,0.974,0.478
753,0.0962,2.5721,0.9742,0.476
754,0.0918,3.0627,0.9742,0.461
755,0.1189,2.8132,0.9672,0.488
756,0.1023,2.7973,0.973,0.462
757,0.1152,2.8178,0.9722,0.466
758,0.102,2.8679,0.9718,0.477
759,0.0938,2.6258,0.975,0.498
760,0.1103,2.7518,0.9676,0.462
761,0.1104,2.9798,0.9686,0.467
762,0.0989,2.9502,0.9736,0.47
763,0.1247,2.4277,0.9664,0.491
764,0.1145,3.0656,0.9696,0.455
765,0.115,2.6449,0.968,0.477
766,0.0932,3.1353,0.9774,0.48
767,0.1029,2.5597,0.972,0.491
768,0.104,2.5172,0.9716,0.502
769,0.1119,2.8312,0.9704,0.475
770,0.1071,3.0311,0.9698,0.469
771,0.0907,2.7018,0.9734,0.477
772,0.1042,2.9183,0.9748,0.487
773,0.0981,2.7796,0.9762,0.478
774,0.0941,2.9223,0.9734,0.465
775,0.1104,2.7105,0.9704,0.481
776,0.0996,3.1252,0.9742,0.483
777,0.0999,2.5564,0.9704,0.496
778,0.102,2.5306,0.975,0.494
779,0.1032,2.9907,0.9708,0.468
780,0.1133,2.8679,0.9686,0.463
781,0.0966,2.8674,0.9742,0.481
782,0.0862,2.6962,0.9788,0.478
783,0.0985,2.3702,0.974,0.474
784,0.1065,3.0042,0.9726,0.468
785,0.105,2.6998,0.9728,0.481
786,0.1064,2.7622,0.9724,0.481
787,0.1059,2.6457,0.9734,0.465
788,0.1102,2.6458,0.9696,0.482
789,0.108,2.6579,0.9704,0.474
790,0.1012,3.0814,0.9734,0.471
791,0.1056,2.7762,0.972,0.478
792,0.1249,2.8072,0.9708,0.488
793,0.1002,2.8246,0.9724,0.483
794,0.0988,2.5989,0.9718,0.496
795,0.107,3.1458,0.9716,0.457
796,0.0881,2.8682,0.9764,0.475
797,0.1022,2.7077,0.9692,0.478
798,0.0982,3.2028,0.9748,0.472
799,0.1149,2.865,0.9694,0.462
800,0.0962,2.7553,0.9742,0.474
801,0.1198,2.4765,0.9688,0.493
802,0.1047,2.7276,0.9746,0.502
803,0.1029,2.451,0.9734,0.505
804,0.1025,2.9338,0.9732,0.479
805,0.1025,2.9402,0.9726,0.476
806,0.0995,2.8776,0.9746,0.473
807,0.1079,2.645,0.9706,0.502
808,0.099,2.6884,0.9732,0.475
809,0.1054,2.9591,0.9748,0.473
810,0.0946,2.9723,0.975,0.451
811,0.098,3.169,0.9764,0.493
812,0.1019,3.0872,0.9728,0.48
813,0.1011,2.6274,0.9706,0.475
814,0.1017,3.0188,0.9742,0.473
815,0.1041,2.5478,0.972,0.474
816,0.0903,2.8734,0.9762,0.483
817,0.093,2.9105,0.9792,0.472
818,0.1052,3.1578,0.9726,0.463
819,0.0964,2.5146,0.9756,0.468
820,0.0887,3.1595,0.9774,0.472
821,0.0827,3.1948,0.979,0.465
822,0.1074,2.693,0.9706,0.463
823,0.1156,2.8484,0.9688,0.472
824,0.098,2.7204,0.9732,0.473
825,0.0936,2.7318,0.976,0.494
826,0.0944,2.9126,0.9754,0.473
827,0.091,3.1079,0.9758,0.459
828,0.0872,3.0418,0.9772,0.475
829,0.0877,3.1675,0.9776,0.479
830,0.0807,3.0943,0.978,0.483
831,0.0957,3.1337,0.9742,0.46
832,0.0971,3.2304,0.9746,0.47
833,0.0924,2.7227,0.9766,0.48
834,0.0965,3.6629,0.9762,0.46
835,0.0841,2.7341,0.9768,0.475
836,0.0787,2.6846,0.9782,0.469
837,0.0935,2.9118,0.9754,0.461
838,0.0977,2.8751,0.9758,0.473
839,0.0902,2.9133,0.9738,0.469
840,0.0811,3.3082,0.9794,0.455
841,0.1077,3.1236,0.9684,0.477
842,0.094,3.0537,0.973,0.479
843,0.0847,2.8848,0.9768,0.461
844,0.0951,3.1209,0.975,0.458
845,0.0947,3.1576,0.9736,0.476
846,0.0951,3.3784,0.9768,0.465
847,0.0922,2.8379,0.9772,0.48
848,0.0885,3.0483,0.9774,0.494
849,0.0739,3.1878,0.9806,0.46
850,0.0793,2.8565,0.981,0.486
851,0.0831,2.8705,0.9756,0.456
852,0.0912,2.9037,0.9738,0.473
853,0.0972,3.108,0.9742,0.447
854,0.0939,2.9017,0.9728,0.488
855,0.0964,3.0282,0.973,0.459
856,0.0952,2.9307,0.9784,0.466
857,0.099,2.8949,0.9722,0.461
858,0.0912,2.7069,0.9752,0.494
859,0.0791,3.3893,0.9788,0.472
860,0.0812,3.1635,0.9798,0.471
861,0.0939,3.199,0.9754,0.463
862,0.0954,2.9019,0.9734,0.491
863,0.0871,2.9245,0.9762,0.488
864,0.0801,3.2304,0.9788,0.473
865,0.0853,3.1244,0.977,0.486
866,0.0838,3.1783,0.98,0.467
867,0.0909,3.1898,0.9766,0.476
868,0.0796,3.2383,0.9782,0.475
869,0.0959,2.7443,0.9778,0.478
870,0.09,2.8142,0.9742,0.491
871,0.0896,3.1172,0.9766,0.482
872,0.0807,3.1458,0.9782,0.454
873,0.0893,3.2322,0.9762,0.45
874,0.0834,3.2689,0.9808,0.481
875,0.0794,2.7068,0.9792,0.494
876,0.0928,2.9099,0.976,0.48
877,0.0899,2.6818,0.9734,0.491
878,0.0829,3.042,0.9766,0.483
879,0.0892,2.8056,0.976,0.487
880,0.092,3.1104,0.9774,0.458
881,0.1033,3.0968,0.9728,0.472
882,0.0992,3.6109,0.9746,0.446
883,0.0927,3.1167,0.9748,0.469
884,0.0839,2.9299,0.9798,0.491
885,0.0931,3.0284,0.9748,0.47
886,0.0713,2.5943,0.9824,0.456
887,0.092,3.2288,0.973,0.472
888,0.0773,2.9935,0.9794,0.477
889,0.0855,3.2844,0.9786,0.468
890,0.0904,2.9575,0.9746,0.468
891,0.0887,2.8548,0.9748,0.48
892,0.0935,3.0312,0.9748,0.478
893,0.0831,3.0741,0.9784,0.493
894,0.0892,3.0871,0.9738,0.477
895,0.0775,2.8948,0.9812,0.486
896,0.0747,3.1395,0.9818,0.497
897,0.0888,3.1362,0.9782,0.479
898,0.0875,3.0032,0.977,0.485
899,0.0825,2.6157,0.9768,0.462
900,0.0896,3.0103,0.9756,0.49
901,0.0818,3.43,0.9784,0.487
902,0.0864,3.2957,0.9754,0.475
903,0.0954,3.068,0.973,0.485
904,0.0859,2.6859,0.9782,0.49
905,0.0761,2.7778,0.9782,0.495
906,0.0703,2.444,0.9808,0.483
907,0.0806,3.1965,0.9782,0.479
908,0.0854,2.8729,0.9766,0.491
909,0.0829,3.0453,0.9784,0.478
910,0.0768,2.735,0.979,0.496
911,0.0922,3.1792,0.975,0.488
912,0.0894,2.859,0.9744,0.494
913,0.0757,3.0879,0.9786,0.459
914,0.0916,2.8422,0.9756,0.471
915,0.0787,3.0713,0.9792,0.471
916,0.0904,3.1067,0.979,0.479
917,0.0903,3.3592,0.9756,0.458
918,0.0732,3.4061,0.9822,0.454
919,0.087,3.3144,0.9776,0.478
920,0.0807,3.1016,0.979,0.482
921,0.0785,2.8381,0.9804,0.461
922,0.0766,3.1281,0.9792,0.465
923,0.083,3.2352,0.9788,0.471
924,0.0797,2.8468,0.9812,0.476
925,0.0823,3.062,0.9782,0.491
926,0.0711,3.2795,0.9816,0.466
927,0.0893,2.8827,0.9774,0.468
928,0.0768,3.5099,0.9808,0.46
929,0.0972,3.1895,0.9736,0.466
930,0.0803,3.0832,0.977,0.481
931,0.0881,2.9588,0.9768,0.452
932,0.0902,2.9318,0.978,0.44
933,0.0808,3.2457,0.9774,0.48
934,0.0794,3.0376,0.9788,0.464
935,0.0744,3.2755,0.9816,0.459
936,0.0756,3.0581,0.9808,0.491
937,0.0756,2.7596,0.9782,0.501
938,0.0688,2.7097,0.9842,0.46
939,0.0967,3.1505,0.9738,0.47
940,0.0739,3.4616,0.978,0.467
941,0.0739,3.0662,0.9792,0.454
942,0.077,3.0805,0.9788,0.478
943,0.0743,3.5472,0.982,0.451
944,0.0868,3.7219,0.9792,0.447
945,0.0818,3.6575,0.9756,0.467
946,0.0774,2.9465,0.977,0.477
947,0.0751,3.1283,0.9812,0.456
948,0.0884,3.1814,0.9782,0.498
949,0.0818,3.3652,0.9772,0.464
950,0.0872,3.3136,0.9776,0.472
951,0.0784,3.3187,0.9794,0.476
952,0.0978,3.2182,0.9738,0.468
953,0.0866,3.3023,0.9794,0.466
954,0.0873,2.8887,0.9744,0.49
955,0.0861,3.3814,0.977,0.475
956,0.0845,3.335,0.9794,0.485
957,0.0845,2.877,0.9776,0.46
958,0.077,3.3505,0.9788,0.466
959,0.0882,2.8228,0.978,0.472
960,0.0825,3.3871,0.9762,0.475
961,0.0747,3.3838,0.9798,0.493
962,0.0811,3.4818,0.9754,0.441
963,0.0663,3.1006,0.9824,0.489
964,0.0756,3.2022,0.9794,0.472
965,0.0783,3.0422,0.9766,0.488
966,0.0791,3.0221,0.9776,0.503
967,0.0778,3.3123,0.9794,0.495
968,0.0809,3.2963,0.9768,0.465
969,0.086,3.1921,0.9748,0.481
970,0.0831,3.2981,0.9786,0.484
971,0.0796,2.9665,0.9796,0.499
972,0.0778,3.2641,0.978,0.478
973,0.0729,3.009,0.981,0.478
974,0.0746,3.0655,0.979,0.495
975,0.0833,2.9379,0.9766,0.465
976,0.0858,2.6009,0.9766,0.498
977,0.076,3.0107,0.9794,0.48
978,0.0776,2.8975,0.9808,0.492
979,0.0857,3.1731,0.9746,0.465
980,0.0792,3.2887,0.9774,0.451
981,0.0825,3.1399,0.9782,0.493
982,0.0753,3.3382,0.9814,0.476
983,0.0785,3.0484,0.978,0.477
984,0.077,3.4172,0.9798,0.459
985,0.0819,3.0504,0.9784,0.481
986,0.0827,2.9438,0.9778,0.502
987,0.0859,3.239,0.9734,0.478
988,0.0795,3.2394,0.9784,0.478
989,0.0829,3.523,0.9788,0.492
990,0.086,3.0804,0.975,0.476
991,0.0837,3.0453,0.9768,0.472
992,0.0769,3.1298,0.979,0.466
993,0.0801,3.0256,0.9822,0.491
994,0.0665,3.1242,0.983,0.471
995,0.0729,2.931,0.9814,0.506
996,0.0739,3.0706,0.9794,0.486
997,0.0632,3.2293,0.983,0.481
998,0.0774,3.3708,0.9786,0.455
999,0.0709,3.4674,0.9834,0.461
